{"cameraMode":{"drawMode":0,"name":"Shaded","section":"Shading Mode"},"sceneLighting":true,"audioPlay":false,"sceneViewState":{"m_AlwaysRefresh":false,"showFog":true,"showSkybox":true,"showFlares":true,"showImageEffects":true,"showParticleSystems":true,"showVisualEffectGraphs":true,"m_FxEnabled":true},"in2DMode":false,"pivot":{"x":0.16424213349819184,"y":1.5575079917907715,"z":2.0034050941467287},"rotation":{"x":-0.06763441860675812,"y":-0.009720521047711373,"z":0.00034827293711714447,"w":-0.997674822807312},"size":8.7098388671875,"orthographic":false}